<?xml version="1.0" encoding="UTF-8"?>
<project-private xmlns="http://www.netbeans.org/ns/project-private/1">
    <editor-bookmarks xmlns="http://www.netbeans.org/ns/editor-bookmarks/2" lastBookmarkId="0"/>
    <open-files xmlns="http://www.netbeans.org/ns/projectui-open-files/2">
        <group>
            <file>file:/C:/Users/puser/Documents/Distributed-Systems-and-Java/DistributedSystemsLabs/15155528/src/pkg15155528/Main.java</file>
            <file>file:/C:/Users/puser/Documents/Distributed-Systems-and-Java/DistributedSystemsLabs/15155528/src/pkg15155528/registerUser.java</file>
            <file>file:/C:/Users/puser/Documents/Distributed-Systems-and-Java/DistributedSystemsLabs/15155528/xml-resources/web-service-references/hangman/wsdl/10.100.106.30_8080/hangmanWebService/hangman.wsdl</file>
        </group>
    </open-files>
</project-private>
