<?xml version="1.0" encoding="UTF-8"?><!--
        *** GENERATED FROM jax-ws.xml - DO NOT EDIT !                             ***
        *** TO MODIFY wsimport options USE Web Service node -> Edit WS Attributes ***
        *** TO CHANGE TARGETS GENERATED TO jaxws-build.xml COPY THOSE             ***
        *** TARGETS TO ../build.xml AND MODIFY THAT FILE INSTEAD                  ***

        --><project xmlns:xalan="http://xml.apache.org/xslt" xmlns:j2seproject3="http://www.netbeans.org/ns/j2se-project/3" xmlns:jaxws="http://www.netbeans.org/ns/jax-ws/1">
    <!--
                ===================
                JAX-WS WSIMPORT SECTION
                ===================
            -->
    <target name="wsimport-init" depends="init">
        <mkdir dir="${build.generated.sources.dir}/jax-ws"/>
        <taskdef name="wsimport" classname="com.sun.tools.ws.ant.WsImport">
            <classpath path="${libs.jaxws21.classpath}"/>
        </taskdef>
    </target>
    <target name="wsimport-client-hangman" depends="wsimport-init">
        <mkdir dir="${build.generated.dir}/jax-wsCache/hangman"/>
        <property name="wsdl-hangman" location="xml-resources/web-service-references/hangman/wsdl/10.100.106.30_8080/hangmanWebService/hangman.wsdl"/>
        <wsimport sourcedestdir="${build.generated.dir}/jax-wsCache/hangman" destdir="${build.generated.dir}/jax-wsCache/hangman" wsdl="${wsdl-hangman}" catalog="catalog.xml" encoding="${source.encoding}" extension="true" verbose="true" fork="false" wsdlLocation="http://10.100.106.30:8080/hangmanWebService/hangman?wsdl" xnocompile="true" xendorsed="true" package="lab_9_web_service">
            <depends file="${wsdl-hangman}"/>
            <produces dir="${build.generated.dir}/jax-wsCache/hangman"/>
        </wsimport>
        <copy todir="${build.generated.sources.dir}/jax-ws">
            <fileset dir="${build.generated.dir}/jax-wsCache/hangman">
                <include name="**/*.java"/>
            </fileset>
        </copy>
    </target>
    <target name="wsimport-client-clean-hangman" depends="-init-project">
        <delete dir="${build.generated.dir}/jax-wsCache/hangman"/>
        <delete dir="${build.generated.sources.dir}/jax-ws/lab_9_web_service"/>
    </target>
    <target name="wsimport-client-generate" depends="wsimport-client-hangman"/>
</project>
